{"cameraMode":{"drawMode":0,"name":"Shaded","section":"Shading Mode"},"sceneLighting":false,"audioPlay":false,"sceneViewState":{"m_AlwaysRefresh":false,"showFog":true,"showSkybox":false,"showFlares":true,"showImageEffects":true,"showParticleSystems":true,"showVisualEffectGraphs":true,"m_FxEnabled":true},"in2DMode":false,"pivot":{"x":38.335357666015628,"y":28.26662826538086,"z":26.323089599609376},"rotation":{"x":0.06711146980524063,"y":-0.7825682759284973,"z":0.11165381968021393,"w":0.6111611723899841},"size":12.780590057373047,"orthographic":false}