{"cameraMode":{"drawMode":0,"name":"Shaded","section":"Shading Mode"},"sceneLighting":true,"audioPlay":false,"sceneViewState":{"m_AlwaysRefresh":false,"showFog":true,"showSkybox":true,"showFlares":true,"showImageEffects":true,"showParticleSystems":true,"showVisualEffectGraphs":true,"m_FxEnabled":true},"in2DMode":false,"pivot":{"x":-24.225631713867189,"y":2.6884584426879885,"z":71.14698028564453},"rotation":{"x":-0.014683927409350872,"y":-0.9871364235877991,"z":0.15872234106063844,"w":0.014427975751459599},"size":24.348834991455079,"orthographic":false}