{"cameraMode":{"drawMode":0,"name":"Shaded","section":"Shading Mode"},"sceneLighting":true,"audioPlay":false,"sceneViewState":{"m_AlwaysRefresh":false,"showFog":true,"showSkybox":true,"showFlares":true,"showImageEffects":true,"showParticleSystems":true,"showVisualEffectGraphs":true,"m_FxEnabled":true},"in2DMode":false,"pivot":{"x":-30.23392677307129,"y":-41.98055648803711,"z":-90.45478820800781},"rotation":{"x":-0.013839070685207844,"y":-0.9909999370574951,"z":0.13155309855937959,"w":0.02292022481560707},"size":105.00679016113281,"orthographic":false}